date,pagePath,sessionSourceMedium,sessions,engagedSessions,conversions
{{T-6d}},/,google / organic,1420,910,44
{{T-6d}},/,google / cpc,318,204,15
{{T-6d}},/,(direct) / (none),806,517,31
{{T-6d}},/pricing,google / organic,402,258,13
{{T-6d}},/pricing,google / cpc,186,119,9
{{T-6d}},/pricing,(direct) / (none),231,148,9
{{T-6d}},/product/incident-response,google / organic,344,221,11
{{T-6d}},/product/incident-response,google / cpc,268,169,14
{{T-6d}},/product/incident-response,(direct) / (none),122,78,5
{{T-6d}},/compare,google / organic,168,108,5
{{T-6d}},/compare,google / cpc,143,92,7
{{T-6d}},/compare,(direct) / (none),58,37,2
{{T-6d}},/demo,google / organic,96,62,3
{{T-6d}},/demo,google / cpc,214,137,10
{{T-6d}},/demo,(direct) / (none),131,84,5
{{T-6d}},/blog/sidereal-on-call,google / organic,118,71,3
{{T-6d}},/blog/sidereal-on-call,(direct) / (none),22,13,0
{{T-5d}},/,google / organic,1388,890,43
{{T-5d}},/,google / cpc,306,196,14
{{T-5d}},/,(direct) / (none),792,508,31
{{T-5d}},/pricing,google / organic,391,251,12
{{T-5d}},/pricing,google / cpc,178,114,8
{{T-5d}},/pricing,(direct) / (none),224,144,9
{{T-5d}},/product/incident-response,google / organic,351,225,11
{{T-5d}},/product/incident-response,google / cpc,275,170,13
{{T-5d}},/product/incident-response,(direct) / (none),118,76,5
{{T-5d}},/compare,google / organic,174,112,5
{{T-5d}},/compare,google / cpc,138,88,7
{{T-5d}},/compare,(direct) / (none),61,39,2
{{T-5d}},/demo,google / organic,92,59,3
{{T-5d}},/demo,google / cpc,208,133,10
{{T-5d}},/demo,(direct) / (none),127,81,5
{{T-5d}},/blog/sidereal-on-call,google / organic,112,67,3
{{T-5d}},/blog/sidereal-on-call,(direct) / (none),21,12,0
{{T-4d}},/,google / organic,1461,937,45
{{T-4d}},/,google / cpc,331,212,16
{{T-4d}},/,(direct) / (none),831,533,32
{{T-4d}},/pricing,google / organic,418,268,13
{{T-4d}},/pricing,google / cpc,195,125,9
{{T-4d}},/pricing,(direct) / (none),240,154,9
{{T-4d}},/product/incident-response,google / organic,338,217,11
{{T-4d}},/product/incident-response,google / cpc,291,175,12
{{T-4d}},/product/incident-response,(direct) / (none),126,81,5
{{T-4d}},/compare,google / organic,161,103,5
{{T-4d}},/compare,google / cpc,151,97,7
{{T-4d}},/compare,(direct) / (none),55,35,2
{{T-4d}},/demo,google / organic,101,65,3
{{T-4d}},/demo,google / cpc,221,142,10
{{T-4d}},/demo,(direct) / (none),136,87,5
{{T-4d}},/blog/sidereal-on-call,google / organic,104,61,2
{{T-4d}},/blog/sidereal-on-call,(direct) / (none),23,14,0
{{T-3d}},/,google / organic,1502,963,47
{{T-3d}},/,google / cpc,322,206,15
{{T-3d}},/,(direct) / (none),818,524,32
{{T-3d}},/pricing,google / organic,409,262,13
{{T-3d}},/pricing,google / cpc,190,122,9
{{T-3d}},/pricing,(direct) / (none),236,151,9
{{T-3d}},/product/incident-response,google / organic,347,222,11
{{T-3d}},/product/incident-response,google / cpc,302,175,10
{{T-3d}},/product/incident-response,(direct) / (none),124,79,5
{{T-3d}},/compare,google / organic,172,110,5
{{T-3d}},/compare,google / cpc,146,94,7
{{T-3d}},/compare,(direct) / (none),60,38,2
{{T-3d}},/demo,google / organic,98,63,3
{{T-3d}},/demo,google / cpc,217,139,10
{{T-3d}},/demo,(direct) / (none),133,85,5
{{T-3d}},/blog/sidereal-on-call,google / organic,95,55,2
{{T-3d}},/blog/sidereal-on-call,(direct) / (none),20,12,0
{{T-2d}},/,google / organic,1447,928,45
{{T-2d}},/,google / cpc,340,218,16
{{T-2d}},/,(direct) / (none),845,542,33
{{T-2d}},/pricing,google / organic,427,274,13
{{T-2d}},/pricing,google / cpc,201,129,9
{{T-2d}},/pricing,(direct) / (none),245,157,10
{{T-2d}},/product/incident-response,google / organic,356,228,11
{{T-2d}},/product/incident-response,google / cpc,318,176,9
{{T-2d}},/product/incident-response,(direct) / (none),129,83,5
{{T-2d}},/compare,google / organic,165,106,5
{{T-2d}},/compare,google / cpc,155,99,7
{{T-2d}},/compare,(direct) / (none),57,37,2
{{T-2d}},/demo,google / organic,104,67,3
{{T-2d}},/demo,google / cpc,226,145,11
{{T-2d}},/demo,(direct) / (none),139,89,5
{{T-2d}},/blog/sidereal-on-call,google / organic,84,48,2
{{T-2d}},/blog/sidereal-on-call,(direct) / (none),22,13,0
{{T-1d}},/,google / organic,1390,891,43
{{T-1d}},/,google / cpc,315,202,15
{{T-1d}},/,(direct) / (none),810,519,31
{{T-1d}},/pricing,google / organic,398,255,12
{{T-1d}},/pricing,google / cpc,184,118,9
{{T-1d}},/pricing,(direct) / (none),229,147,9
{{T-1d}},/product/incident-response,google / organic,342,219,11
{{T-1d}},/product/incident-response,google / cpc,336,178,8
{{T-1d}},/product/incident-response,(direct) / (none),120,77,5
{{T-1d}},/compare,google / organic,170,109,5
{{T-1d}},/compare,google / cpc,141,90,7
{{T-1d}},/compare,(direct) / (none),59,38,2
{{T-1d}},/demo,google / organic,94,60,3
{{T-1d}},/demo,google / cpc,211,135,10
{{T-1d}},/demo,(direct) / (none),129,83,5
{{T-1d}},/blog/sidereal-on-call,google / organic,73,41,1
{{T-1d}},/blog/sidereal-on-call,(direct) / (none),21,12,0
{{T+0d}},/,google / organic,1436,920,45
{{T+0d}},/,google / cpc,349,224,16
{{T+0d}},/,(direct) / (none),827,530,32
{{T+0d}},/pricing,google / organic,412,264,13
{{T+0d}},/pricing,google / cpc,197,126,9
{{T+0d}},/pricing,(direct) / (none),238,153,9
{{T+0d}},/product/incident-response,google / organic,350,224,11
{{T+0d}},/product/incident-response,google / cpc,611,298,7
{{T+0d}},/product/incident-response,(direct) / (none),127,81,5
{{T+0d}},/compare,google / organic,166,106,5
{{T+0d}},/compare,google / cpc,149,96,7
{{T+0d}},/compare,(direct) / (none),56,36,2
{{T+0d}},/demo,google / organic,99,63,3
{{T+0d}},/demo,google / cpc,223,143,11
{{T+0d}},/demo,(direct) / (none),135,87,5
{{T+0d}},/blog/sidereal-on-call,google / organic,64,36,1
{{T+0d}},/blog/sidereal-on-call,(direct) / (none),20,12,0
